student,model,nlp,metric,precision@5,time_sec,predictions
student1,model1,soft,cosine,1.0,0.0,"[{'module_id': 191, 'score': 0.6879173517227173, 'name': 'De Kracht van de kunsten'}, {'module_id': 391, 'score': 0.6761539578437805, 'name': 'Art & Humanity (nieuwe naam formuleren)'}, {'module_id': 392, 'score': 0.6016900539398193, 'name': 'Research in Art istic Practice'}, {'module_id': 233, 'score': 0.6006746888160706, 'name': 'Artistiek ondernemerschap voor kunst, design en performance'}, {'module_id': 386, 'score': 0.5994068384170532, 'name': 'Graphic Novel'}]"
student1,model1,soft,euclidean,1.0,0.0015439987182617188,"[{'module_id': 191, 'score': -0.7900413274765015, 'name': 'De Kracht van de kunsten'}, {'module_id': 391, 'score': -0.8047931790351868, 'name': 'Art & Humanity (nieuwe naam formuleren)'}, {'module_id': 392, 'score': -0.8925355672836304, 'name': 'Research in Art istic Practice'}, {'module_id': 233, 'score': -0.8936725854873657, 'name': 'Artistiek ondernemerschap voor kunst, design en performance'}, {'module_id': 386, 'score': -0.8950902223587036, 'name': 'Graphic Novel'}]"
student1,model1,soft,manhattan,1.0,0.0,"[{'module_id': 191, 'score': -12.34726601493498, 'name': 'De Kracht van de kunsten'}, {'module_id': 391, 'score': -12.74890186812733, 'name': 'Art & Humanity (nieuwe naam formuleren)'}, {'module_id': 392, 'score': -13.569052069483131, 'name': 'Research in Art istic Practice'}, {'module_id': 386, 'score': -14.026885312110213, 'name': 'Graphic Novel'}, {'module_id': 233, 'score': -14.067457584067252, 'name': 'Artistiek ondernemerschap voor kunst, design en performance'}]"
student1,model2,soft,cosine,0.8,0.0,"[{'module_id': 191, 'score': 0.7134237289428711, 'name': 'De Kracht van de kunsten'}, {'module_id': 375, 'score': 0.6478079557418823, 'name': 'Animatie / Storytelling'}, {'module_id': 388, 'score': 0.6065810918807983, 'name': 'Tekenen'}, {'module_id': 379, 'score': 0.6056427359580994, 'name': 'Creative AI'}, {'module_id': 391, 'score': 0.6036762595176697, 'name': 'Art & Humanity (nieuwe naam formuleren)'}]"
student1,model2,soft,euclidean,1.0,0.0015277862548828125,"[{'module_id': 191, 'score': -2.3539047241210938, 'name': 'De Kracht van de kunsten'}, {'module_id': 379, 'score': -2.5685482025146484, 'name': 'Creative AI'}, {'module_id': 233, 'score': -2.6441237926483154, 'name': 'Artistiek ondernemerschap voor kunst, design en performance'}, {'module_id': 392, 'score': -2.7873589992523193, 'name': 'Research in Art istic Practice'}, {'module_id': 391, 'score': -2.7925407886505127, 'name': 'Art & Humanity (nieuwe naam formuleren)'}]"
student1,model2,soft,manhattan,1.0,0.0,"[{'module_id': 191, 'score': -36.327789534057956, 'name': 'De Kracht van de kunsten'}, {'module_id': 379, 'score': -39.89926324930275, 'name': 'Creative AI'}, {'module_id': 233, 'score': -41.11319224041654, 'name': 'Artistiek ondernemerschap voor kunst, design en performance'}, {'module_id': 391, 'score': -43.00032664014725, 'name': 'Art & Humanity (nieuwe naam formuleren)'}, {'module_id': 392, 'score': -43.84107638843125, 'name': 'Research in Art istic Practice'}]"
student1,model3,soft,cosine,0.8,0.0,"[{'module_id': 191, 'score': 0.5802501440048218, 'name': 'De Kracht van de kunsten'}, {'module_id': 233, 'score': 0.46715909242630005, 'name': 'Artistiek ondernemerschap voor kunst, design en performance'}, {'module_id': 391, 'score': 0.45081523060798645, 'name': 'Art & Humanity (nieuwe naam formuleren)'}, {'module_id': 377, 'score': 0.4406433701515198, 'name': 'Art & Activisme'}, {'module_id': 387, 'score': 0.3975970447063446, 'name': 'Write Loud'}]"
student1,model3,soft,euclidean,0.8,0.0015788078308105469,"[{'module_id': 191, 'score': -0.7310922741889954, 'name': 'De Kracht van de kunsten'}, {'module_id': 233, 'score': -0.8277028799057007, 'name': 'Artistiek ondernemerschap voor kunst, design en performance'}, {'module_id': 391, 'score': -0.8437093496322632, 'name': 'Art & Humanity (nieuwe naam formuleren)'}, {'module_id': 227, 'score': -0.8848539590835571, 'name': 'Branding: Personal Branding'}, {'module_id': 377, 'score': -0.8953885436058044, 'name': 'Art & Activisme'}]"
student1,model3,soft,manhattan,0.8,0.0,"[{'module_id': 191, 'score': -12.759598007280147, 'name': 'De Kracht van de kunsten'}, {'module_id': 233, 'score': -14.666815208474873, 'name': 'Artistiek ondernemerschap voor kunst, design en performance'}, {'module_id': 391, 'score': -15.06770425234572, 'name': 'Art & Humanity (nieuwe naam formuleren)'}, {'module_id': 227, 'score': -15.630622404511087, 'name': 'Branding: Personal Branding'}, {'module_id': 388, 'score': -15.776096801273525, 'name': 'Tekenen'}]"
student1,model1,hard,cosine,0.8,0.0015530586242675781,"[{'module_id': 392, 'score': 0.5892461538314819, 'name': 'research art istic practic'}, {'module_id': 391, 'score': 0.576168417930603, 'name': 'art humanity nieuw nam formuler'}, {'module_id': 191, 'score': 0.5637334585189819, 'name': 'kracht kunst'}, {'module_id': 393, 'score': 0.5525188446044922, 'name': 'ethiek kritisch denk'}, {'module_id': 379, 'score': 0.5389761328697205, 'name': 'creativ ai'}]"
student1,model1,hard,euclidean,0.8,0.001516580581665039,"[{'module_id': 392, 'score': -0.9063706994056702, 'name': 'research art istic practic'}, {'module_id': 391, 'score': -0.9206861853599548, 'name': 'art humanity nieuw nam formuler'}, {'module_id': 191, 'score': -0.9340948462486267, 'name': 'kracht kunst'}, {'module_id': 393, 'score': -0.9460245370864868, 'name': 'ethiek kritisch denk'}, {'module_id': 379, 'score': -0.9602332711219788, 'name': 'creativ ai'}]"
student1,model1,hard,manhattan,0.8,0.001512765884399414,"[{'module_id': 392, 'score': -14.166499674337594, 'name': 'research art istic practic'}, {'module_id': 391, 'score': -14.622929960464287, 'name': 'art humanity nieuw nam formuler'}, {'module_id': 191, 'score': -14.797293476106876, 'name': 'kracht kunst'}, {'module_id': 393, 'score': -14.926370207286833, 'name': 'ethiek kritisch denk'}, {'module_id': 388, 'score': -15.151930638265735, 'name': 'teken'}]"
student1,model2,hard,cosine,1.0,0.0,"[{'module_id': 389, 'score': 0.6092265248298645, 'name': 'perform art'}, {'module_id': 391, 'score': 0.5959000587463379, 'name': 'art humanity nieuw nam formuler'}, {'module_id': 379, 'score': 0.58944171667099, 'name': 'creativ ai'}, {'module_id': 386, 'score': 0.555540919303894, 'name': 'graphic novel'}, {'module_id': 233, 'score': 0.553278386592865, 'name': 'artistiek ondernemerschap kunst design performanc'}]"
student1,model2,hard,euclidean,1.0,0.0,"[{'module_id': 389, 'score': -2.589617967605591, 'name': 'perform art'}, {'module_id': 233, 'score': -2.735391855239868, 'name': 'artistiek ondernemerschap kunst design performanc'}, {'module_id': 379, 'score': -2.7525875568389893, 'name': 'creativ ai'}, {'module_id': 391, 'score': -2.7846179008483887, 'name': 'art humanity nieuw nam formuler'}, {'module_id': 386, 'score': -2.8220412731170654, 'name': 'graphic novel'}]"
student1,model2,hard,manhattan,1.0,0.0015215873718261719,"[{'module_id': 389, 'score': -39.37034328322625, 'name': 'perform art'}, {'module_id': 379, 'score': -42.65864673437318, 'name': 'creativ ai'}, {'module_id': 233, 'score': -43.06094797508558, 'name': 'artistiek ondernemerschap kunst design performanc'}, {'module_id': 391, 'score': -43.41365042926918, 'name': 'art humanity nieuw nam formuler'}, {'module_id': 386, 'score': -43.64202408673009, 'name': 'graphic novel'}]"
student1,model3,hard,cosine,1.0,0.0,"[{'module_id': 191, 'score': 0.44343459606170654, 'name': 'kracht kunst'}, {'module_id': 391, 'score': 0.43817782402038574, 'name': 'art humanity nieuw nam formuler'}, {'module_id': 389, 'score': 0.3870799243450165, 'name': 'perform art'}, {'module_id': 377, 'score': 0.3850248456001282, 'name': 'art activism'}, {'module_id': 379, 'score': 0.3626529574394226, 'name': 'creativ ai'}]"
student1,model3,hard,euclidean,0.8,0.0015130043029785156,"[{'module_id': 391, 'score': -0.8214144706726074, 'name': 'art humanity nieuw nam formuler'}, {'module_id': 191, 'score': -0.8509012460708618, 'name': 'kracht kunst'}, {'module_id': 383, 'score': -0.8594315052032471, 'name': 'live lab klein aard'}, {'module_id': 389, 'score': -0.8670907020568848, 'name': 'perform art'}, {'module_id': 377, 'score': -0.8697210550308228, 'name': 'art activism'}]"
student1,model3,hard,manhattan,0.8,0.0,"[{'module_id': 391, 'score': -14.787428039562656, 'name': 'art humanity nieuw nam formuler'}, {'module_id': 191, 'score': -14.882602679979755, 'name': 'kracht kunst'}, {'module_id': 377, 'score': -15.279588438308565, 'name': 'art activism'}, {'module_id': 389, 'score': -15.394408522784943, 'name': 'perform art'}, {'module_id': 383, 'score': -15.543504392262548, 'name': 'live lab klein aard'}]"
student2,model1,soft,cosine,0.4,0.0,"[{'module_id': 333, 'score': 0.7170849442481995, 'name': 'Smart Industry & Internet of Things'}, {'module_id': 366, 'score': 0.6960563659667969, 'name': 'Didactiek voor N&G en N&T'}, {'module_id': 340, 'score': 0.6693322658538818, 'name': 'AI Translator'}, {'module_id': 226, 'score': 0.6630122661590576, 'name': 'Digital Nomads NLQF 6, 30 + 15 EC'}, {'module_id': 171, 'score': 0.6584594249725342, 'name': 'Technologie in zorg en welzijn'}]"
student2,model1,soft,euclidean,0.4,0.0,"[{'module_id': 333, 'score': -0.7522168159484863, 'name': 'Smart Industry & Internet of Things'}, {'module_id': 366, 'score': -0.7796712517738342, 'name': 'Didactiek voor N&G en N&T'}, {'module_id': 340, 'score': -0.8132254481315613, 'name': 'AI Translator'}, {'module_id': 226, 'score': -0.8209601044654846, 'name': 'Digital Nomads NLQF 6, 30 + 15 EC'}, {'module_id': 171, 'score': -0.8264873027801514, 'name': 'Technologie in zorg en welzijn'}]"
student2,model1,soft,manhattan,0.4,0.0015149116516113281,"[{'module_id': 333, 'score': -11.51366094588436, 'name': 'Smart Industry & Internet of Things'}, {'module_id': 366, 'score': -12.176460727042446, 'name': 'Didactiek voor N&G en N&T'}, {'module_id': 340, 'score': -12.309128275684415, 'name': 'AI Translator'}, {'module_id': 226, 'score': -12.527191633910327, 'name': 'Digital Nomads NLQF 6, 30 + 15 EC'}, {'module_id': 171, 'score': -12.566363316251387, 'name': 'Technologie in zorg en welzijn'}]"
student2,model2,soft,cosine,0.6,0.0015125274658203125,"[{'module_id': 340, 'score': 0.6933193206787109, 'name': 'AI Translator'}, {'module_id': 379, 'score': 0.6816545724868774, 'name': 'Creative AI'}, {'module_id': 308, 'score': 0.6539172530174255, 'name': 'Verantwoord en duurzaam innoveren met nieuwe technologieen'}, {'module_id': 334, 'score': 0.6459529995918274, 'name': 'Artifical Intelligence'}, {'module_id': 317, 'score': 0.6420713663101196, 'name': 'Datagedreven besluitvorming met AI'}]"
student2,model2,soft,euclidean,0.4,0.0,"[{'module_id': 379, 'score': -2.2799057960510254, 'name': 'Creative AI'}, {'module_id': 340, 'score': -2.281771421432495, 'name': 'AI Translator'}, {'module_id': 308, 'score': -2.351760149002075, 'name': 'Verantwoord en duurzaam innoveren met nieuwe technologieen'}, {'module_id': 318, 'score': -2.3940892219543457, 'name': 'AI Driven Robotics'}, {'module_id': 332, 'score': -2.4856269359588623, 'name': 'Software engineering, kwaliteit en testen'}]"
student2,model2,soft,manhattan,0.6,0.0,"[{'module_id': 340, 'score': -35.051389214233495, 'name': 'AI Translator'}, {'module_id': 379, 'score': -35.59162961621769, 'name': 'Creative AI'}, {'module_id': 308, 'score': -36.23652226594277, 'name': 'Verantwoord en duurzaam innoveren met nieuwe technologieen'}, {'module_id': 318, 'score': -36.63893272506539, 'name': 'AI Driven Robotics'}, {'module_id': 317, 'score': -38.00052416275139, 'name': 'Datagedreven besluitvorming met AI'}]"
student2,model3,soft,cosine,0.6,0.0015478134155273438,"[{'module_id': 318, 'score': 0.5218096375465393, 'name': 'AI Driven Robotics'}, {'module_id': 333, 'score': 0.5045145153999329, 'name': 'Smart Industry & Internet of Things'}, {'module_id': 309, 'score': 0.4615938663482666, 'name': 'Factory of the future'}, {'module_id': 379, 'score': 0.44975024461746216, 'name': 'Creative AI'}, {'module_id': 334, 'score': 0.4261050820350647, 'name': 'Artifical Intelligence'}]"
student2,model3,soft,euclidean,0.4,0.0,"[{'module_id': 333, 'score': -0.8562669157981873, 'name': 'Smart Industry & Internet of Things'}, {'module_id': 318, 'score': -0.8648747205734253, 'name': 'AI Driven Robotics'}, {'module_id': 309, 'score': -0.8906991481781006, 'name': 'Factory of the future'}, {'module_id': 332, 'score': -0.900676429271698, 'name': 'Software engineering, kwaliteit en testen'}, {'module_id': 353, 'score': -0.9180525541305542, 'name': 'Data/Visualisatie/Automatisering (Tech & Data) (CT)'}]"
student2,model3,soft,manhattan,0.4,0.0,"[{'module_id': 333, 'score': -15.298955379723338, 'name': 'Smart Industry & Internet of Things'}, {'module_id': 318, 'score': -15.444567166792694, 'name': 'AI Driven Robotics'}, {'module_id': 309, 'score': -15.599873658560682, 'name': 'Factory of the future'}, {'module_id': 332, 'score': -15.660650558333145, 'name': 'Software engineering, kwaliteit en testen'}, {'module_id': 393, 'score': -16.317599879344925, 'name': 'Ethiek & kritisch denken'}]"
student2,model1,hard,cosine,0.4,0.0,"[{'module_id': 171, 'score': 0.5970867276191711, 'name': 'technologie zorg welzijn'}, {'module_id': 323, 'score': 0.5893521308898926, 'name': 'advanc comput vision'}, {'module_id': 366, 'score': 0.5797098278999329, 'name': 'didactiek ng nt'}, {'module_id': 333, 'score': 0.5664006471633911, 'name': 'smart industri internet thing'}, {'module_id': 340, 'score': 0.5587651133537292, 'name': 'ai translat'}]"
student2,model1,hard,euclidean,0.4,0.0,"[{'module_id': 171, 'score': -0.8976784348487854, 'name': 'technologie zorg welzijn'}, {'module_id': 323, 'score': -0.9062536954879761, 'name': 'advanc comput vision'}, {'module_id': 366, 'score': -0.9168317317962646, 'name': 'didactiek ng nt'}, {'module_id': 333, 'score': -0.9312350749969482, 'name': 'smart industri internet thing'}, {'module_id': 340, 'score': -0.9393987059593201, 'name': 'ai translat'}]"
student2,model1,hard,manhattan,0.2,0.001531839370727539,"[{'module_id': 171, 'score': -13.766235667752696, 'name': 'technologie zorg welzijn'}, {'module_id': 323, 'score': -13.885624627264484, 'name': 'advanc comput vision'}, {'module_id': 366, 'score': -14.108248361496809, 'name': 'didactiek ng nt'}, {'module_id': 333, 'score': -14.453975435431182, 'name': 'smart industri internet thing'}, {'module_id': 309, 'score': -14.641425802417306, 'name': 'factori futur'}]"
student2,model2,hard,cosine,0.4,0.0,"[{'module_id': 333, 'score': 0.650728166103363, 'name': 'smart industri internet thing'}, {'module_id': 340, 'score': 0.5607253313064575, 'name': 'ai translat'}, {'module_id': 309, 'score': 0.5527483224868774, 'name': 'factori futur'}, {'module_id': 176, 'score': 0.5370392799377441, 'name': 'technologie ècht werkt innovatie zorg welzijn'}, {'module_id': 308, 'score': 0.5344101786613464, 'name': 'verantwoord duurzam innover nieuw technologieen'}]"
student2,model2,hard,euclidean,0.4,0.0,"[{'module_id': 333, 'score': -2.3820629119873047, 'name': 'smart industri internet thing'}, {'module_id': 340, 'score': -2.661301851272583, 'name': 'ai translat'}, {'module_id': 308, 'score': -2.710721492767334, 'name': 'verantwoord duurzam innover nieuw technologieen'}, {'module_id': 309, 'score': -2.738043785095215, 'name': 'factori futur'}, {'module_id': 176, 'score': -2.752716541290283, 'name': 'technologie ècht werkt innovatie zorg welzijn'}]"
student2,model2,hard,manhattan,0.4,0.0010051727294921875,"[{'module_id': 333, 'score': -36.87359690328594, 'name': 'smart industri internet thing'}, {'module_id': 340, 'score': -41.22864529432263, 'name': 'ai translat'}, {'module_id': 309, 'score': -41.644617895115516, 'name': 'factori futur'}, {'module_id': 308, 'score': -42.241199279320426, 'name': 'verantwoord duurzam innover nieuw technologieen'}, {'module_id': 176, 'score': -42.81279152765637, 'name': 'technologie ècht werkt innovatie zorg welzijn'}]"
student2,model3,hard,cosine,0.6,0.0015535354614257812,"[{'module_id': 333, 'score': 0.5197423696517944, 'name': 'smart industri internet thing'}, {'module_id': 318, 'score': 0.4250537157058716, 'name': 'ai driven robot'}, {'module_id': 305, 'score': 0.4094988703727722, 'name': 'robot ai interfac opti'}, {'module_id': 309, 'score': 0.3976958096027374, 'name': 'factori futur'}, {'module_id': 320, 'score': 0.3797837793827057, 'name': 'smart health'}]"
student2,model3,hard,euclidean,0.4,0.0,"[{'module_id': 333, 'score': -0.8037590384483337, 'name': 'smart industri internet thing'}, {'module_id': 353, 'score': -0.8754867315292358, 'name': 'datavisualisatieautomatis tech data ct'}, {'module_id': 320, 'score': -0.8818983435630798, 'name': 'smart health'}, {'module_id': 309, 'score': -0.8878089785575867, 'name': 'factori futur'}, {'module_id': 305, 'score': -0.8886261582374573, 'name': 'robot ai interfac opti'}]"
student2,model3,hard,manhattan,0.4,0.0,"[{'module_id': 333, 'score': -14.301573382748757, 'name': 'smart industri internet thing'}, {'module_id': 309, 'score': -15.50125708268024, 'name': 'factori futur'}, {'module_id': 320, 'score': -15.569565164361848, 'name': 'smart health'}, {'module_id': 353, 'score': -15.809139220422367, 'name': 'datavisualisatieautomatis tech data ct'}, {'module_id': 305, 'score': -16.081427111756057, 'name': 'robot ai interfac opti'}]"
student3,model1,soft,cosine,0.4,0.0,"[{'module_id': 159, 'score': 0.6416774988174438, 'name': 'Kennismaking met Psychologie'}, {'module_id': 173, 'score': 0.5865805149078369, 'name': 'Langer thuis in de wijk'}, {'module_id': 197, 'score': 0.563633918762207, 'name': 'Werken in gedwongen kader'}, {'module_id': 391, 'score': 0.5565292239189148, 'name': 'Art & Humanity (nieuwe naam formuleren)'}, {'module_id': 207, 'score': 0.5361242890357971, 'name': 'Zorg in de langdurige hulpverlening'}]"
student3,model1,soft,euclidean,0.4,0.001512765884399414,"[{'module_id': 159, 'score': -0.8465489745140076, 'name': 'Kennismaking met Psychologie'}, {'module_id': 173, 'score': -0.9093068838119507, 'name': 'Langer thuis in de wijk'}, {'module_id': 197, 'score': -0.9342013597488403, 'name': 'Werken in gedwongen kader'}, {'module_id': 391, 'score': -0.9417757391929626, 'name': 'Art & Humanity (nieuwe naam formuleren)'}, {'module_id': 207, 'score': -0.9631985425949097, 'name': 'Zorg in de langdurige hulpverlening'}]"
student3,model1,soft,manhattan,0.4,0.0,"[{'module_id': 159, 'score': -13.409013744822833, 'name': 'Kennismaking met Psychologie'}, {'module_id': 173, 'score': -14.151597676471223, 'name': 'Langer thuis in de wijk'}, {'module_id': 197, 'score': -14.428063679261076, 'name': 'Werken in gedwongen kader'}, {'module_id': 391, 'score': -14.852882188424662, 'name': 'Art & Humanity (nieuwe naam formuleren)'}, {'module_id': 207, 'score': -15.060717625451822, 'name': 'Zorg in de langdurige hulpverlening'}]"
student3,model2,soft,cosine,0.4,0.0,"[{'module_id': 159, 'score': 0.6945425271987915, 'name': 'Kennismaking met Psychologie'}, {'module_id': 183, 'score': 0.4558476209640503, 'name': 'Leefstijl en preventie'}, {'module_id': 290, 'score': 0.43922901153564453, 'name': 'Organizational Behavior (samenwerking HRM - IVK)'}, {'module_id': 392, 'score': 0.42807674407958984, 'name': 'Research in Art istic Practice'}, {'module_id': 182, 'score': 0.4275698661804199, 'name': 'Werken vanuit je doelgroep'}]"
student3,model2,soft,euclidean,0.4,0.0015101432800292969,"[{'module_id': 159, 'score': -2.3489789962768555, 'name': 'Kennismaking met Psychologie'}, {'module_id': 183, 'score': -2.7883622646331787, 'name': 'Leefstijl en preventie'}, {'module_id': 207, 'score': -2.9021549224853516, 'name': 'Zorg in de langdurige hulpverlening'}, {'module_id': 198, 'score': -2.9823713302612305, 'name': 'Minor Verschil maken'}, {'module_id': 208, 'score': -2.9911983013153076, 'name': 'Welzijn en samenleving'}]"
student3,model2,soft,manhattan,0.4,0.0,"[{'module_id': 159, 'score': -36.97561901033623, 'name': 'Kennismaking met Psychologie'}, {'module_id': 183, 'score': -43.07338663126575, 'name': 'Leefstijl en preventie'}, {'module_id': 207, 'score': -44.50038318114821, 'name': 'Zorg in de langdurige hulpverlening'}, {'module_id': 208, 'score': -45.834353296871996, 'name': 'Welzijn en samenleving'}, {'module_id': 303, 'score': -46.50789713446284, 'name': 'Operations Research'}]"
student3,model3,soft,cosine,0.6,0.0,"[{'module_id': 159, 'score': 0.6357396841049194, 'name': 'Kennismaking met Psychologie'}, {'module_id': 382, 'score': 0.45831915736198425, 'name': 'Veranderen is Mensenwerk'}, {'module_id': 177, 'score': 0.4361562132835388, 'name': 'Patronen doorbreken: basis'}, {'module_id': 207, 'score': 0.42300644516944885, 'name': 'Zorg in de langdurige hulpverlening'}, {'module_id': 357, 'score': 0.4167102873325348, 'name': 'minor Forensisch Onderzoek in de Rechtbank- (IF/KA)'}]"
student3,model3,soft,euclidean,0.4,0.0,"[{'module_id': 159, 'score': -0.7457741498947144, 'name': 'Kennismaking met Psychologie'}, {'module_id': 177, 'score': -0.8833641409873962, 'name': 'Patronen doorbreken: basis'}, {'module_id': 207, 'score': -0.8900134563446045, 'name': 'Zorg in de langdurige hulpverlening'}, {'module_id': 382, 'score': -0.892655074596405, 'name': 'Veranderen is Mensenwerk'}, {'module_id': 183, 'score': -0.9261541366577148, 'name': 'Leefstijl en preventie'}]"
student3,model3,soft,manhattan,0.4,0.0015978813171386719,"[{'module_id': 159, 'score': -13.08227625314612, 'name': 'Kennismaking met Psychologie'}, {'module_id': 177, 'score': -15.56940715922974, 'name': 'Patronen doorbreken: basis'}, {'module_id': 207, 'score': -15.812595626281109, 'name': 'Zorg in de langdurige hulpverlening'}, {'module_id': 382, 'score': -16.06379121617647, 'name': 'Veranderen is Mensenwerk'}, {'module_id': 183, 'score': -16.563809008192038, 'name': 'Leefstijl en preventie'}]"
student3,model1,hard,cosine,0.6,0.0,"[{'module_id': 159, 'score': 0.5801771283149719, 'name': 'kennismak psychologi'}, {'module_id': 197, 'score': 0.502920925617218, 'name': 'werk gedwong kader'}, {'module_id': 397, 'score': 0.49173060059547424, 'name': 'stem gewet ga opzoek jouw morel kompas'}, {'module_id': 391, 'score': 0.4634590148925781, 'name': 'art humanity nieuw nam formuler'}, {'module_id': 173, 'score': 0.45525527000427246, 'name': 'langer thuis wijk'}]"
student3,model1,hard,euclidean,0.6,0.0016148090362548828,"[{'module_id': 159, 'score': -0.916321873664856, 'name': 'kennismak psychologi'}, {'module_id': 197, 'score': -0.9970748424530029, 'name': 'werk gedwong kader'}, {'module_id': 397, 'score': -1.0082355737686157, 'name': 'stem gewet ga opzoek jouw morel kompas'}, {'module_id': 391, 'score': -1.0358966588974, 'name': 'art humanity nieuw nam formuler'}, {'module_id': 173, 'score': -1.0437861680984497, 'name': 'langer thuis wijk'}]"
student3,model1,hard,manhattan,0.4,0.0,"[{'module_id': 159, 'score': -14.546692924961203, 'name': 'kennismak psychologi'}, {'module_id': 197, 'score': -15.656666504831612, 'name': 'werk gedwong kader'}, {'module_id': 397, 'score': -15.840776013488838, 'name': 'stem gewet ga opzoek jouw morel kompas'}, {'module_id': 175, 'score': -16.316482744818188, 'name': 'focu jeugd'}, {'module_id': 391, 'score': -16.317208123578272, 'name': 'art humanity nieuw nam formuler'}]"
student3,model2,hard,cosine,0.8,0.001531362533569336,"[{'module_id': 159, 'score': 0.5793042778968811, 'name': 'kennismak psychologi'}, {'module_id': 177, 'score': 0.5198310613632202, 'name': 'patron doorbrek basis'}, {'module_id': 290, 'score': 0.5032030940055847, 'name': 'organiz behavior samenwerk hrm ivk'}, {'module_id': 397, 'score': 0.4508298635482788, 'name': 'stem gewet ga opzoek jouw morel kompas'}, {'module_id': 207, 'score': 0.42876574397087097, 'name': 'zorg langdur hulpverlen'}]"
student3,model2,hard,euclidean,0.8,0.0,"[{'module_id': 159, 'score': -2.5223591327667236, 'name': 'kennismak psychologi'}, {'module_id': 177, 'score': -2.8105309009552, 'name': 'patron doorbrek basis'}, {'module_id': 397, 'score': -2.966372013092041, 'name': 'stem gewet ga opzoek jouw morel kompas'}, {'module_id': 290, 'score': -3.027740240097046, 'name': 'organiz behavior samenwerk hrm ivk'}, {'module_id': 207, 'score': -3.0577855110168457, 'name': 'zorg langdur hulpverlen'}]"
student3,model2,hard,manhattan,0.8,0.0,"[{'module_id': 159, 'score': -39.75420749181649, 'name': 'kennismak psychologi'}, {'module_id': 177, 'score': -43.187103717646096, 'name': 'patron doorbrek basis'}, {'module_id': 397, 'score': -46.637944067129865, 'name': 'stem gewet ga opzoek jouw morel kompas'}, {'module_id': 382, 'score': -47.185399198147934, 'name': 'verander mensenwerk'}, {'module_id': 290, 'score': -47.58080572023755, 'name': 'organiz behavior samenwerk hrm ivk'}]"
student3,model3,hard,cosine,0.6,0.0,"[{'module_id': 159, 'score': 0.5911657810211182, 'name': 'kennismak psychologi'}, {'module_id': 382, 'score': 0.409829705953598, 'name': 'verander mensenwerk'}, {'module_id': 290, 'score': 0.40651941299438477, 'name': 'organiz behavior samenwerk hrm ivk'}, {'module_id': 207, 'score': 0.4019157290458679, 'name': 'zorg langdur hulpverlen'}, {'module_id': 357, 'score': 0.3912133276462555, 'name': 'minor forensisch onderzoek rechtbank ifka'}]"
student3,model3,hard,euclidean,0.6,0.0015213489532470703,"[{'module_id': 159, 'score': -0.753990888595581, 'name': 'kennismak psychologi'}, {'module_id': 207, 'score': -0.8733271360397339, 'name': 'zorg langdur hulpverlen'}, {'module_id': 177, 'score': -0.9026470184326172, 'name': 'patron doorbrek basis'}, {'module_id': 382, 'score': -0.908460259437561, 'name': 'verander mensenwerk'}, {'module_id': 290, 'score': -0.9176636338233948, 'name': 'organiz behavior samenwerk hrm ivk'}]"
student3,model3,hard,manhattan,0.6,0.0,"[{'module_id': 159, 'score': -13.40151224762667, 'name': 'kennismak psychologi'}, {'module_id': 207, 'score': -15.540372080547968, 'name': 'zorg langdur hulpverlen'}, {'module_id': 177, 'score': -16.109337660105666, 'name': 'patron doorbrek basis'}, {'module_id': 382, 'score': -16.24888146086596, 'name': 'verander mensenwerk'}, {'module_id': 290, 'score': -16.25822328153299, 'name': 'organiz behavior samenwerk hrm ivk'}]"
student4,model1,soft,cosine,0.6,0.0,"[{'module_id': 364, 'score': 0.48319387435913086, 'name': 'Minor Biobased Technology & Business Development'}, {'module_id': 272, 'score': 0.44384437799453735, 'name': 'Duurzame Business Modellen'}, {'module_id': 380, 'score': 0.4120762050151825, 'name': 'Game Changers'}, {'module_id': 279, 'score': 0.40978631377220154, 'name': 'Talent Acquisition & Branding'}, {'module_id': 234, 'score': 0.40125760436058044, 'name': 'Avans Innovative Studio Basis'}]"
student4,model1,soft,euclidean,0.6,0.0,"[{'module_id': 364, 'score': -1.0166672468185425, 'name': 'Minor Biobased Technology & Business Development'}, {'module_id': 272, 'score': -1.0546616315841675, 'name': 'Duurzame Business Modellen'}, {'module_id': 380, 'score': -1.0843650102615356, 'name': 'Game Changers'}, {'module_id': 279, 'score': -1.0864747762680054, 'name': 'Talent Acquisition & Branding'}, {'module_id': 234, 'score': -1.0942964553833008, 'name': 'Avans Innovative Studio Basis'}]"
student4,model1,soft,manhattan,0.6,0.0,"[{'module_id': 364, 'score': -16.093758166691483, 'name': 'Minor Biobased Technology & Business Development'}, {'module_id': 272, 'score': -16.674548845085067, 'name': 'Duurzame Business Modellen'}, {'module_id': 279, 'score': -16.79718610143182, 'name': 'Talent Acquisition & Branding'}, {'module_id': 380, 'score': -16.86168702121108, 'name': 'Game Changers'}, {'module_id': 372, 'score': -17.10493001198724, 'name': 'Innovation for sustainability \r\n(SDG in motion)'}]"
student4,model2,soft,cosine,0.2,0.0,"[{'module_id': 381, 'score': 0.5821985006332397, 'name': 'Innovation management & creative leadership'}, {'module_id': 316, 'score': 0.5804570317268372, 'name': 'Business Innovation'}, {'module_id': 234, 'score': 0.5512841939926147, 'name': 'Avans Innovative Studio Basis'}, {'module_id': 228, 'score': 0.5417503118515015, 'name': 'Branding: Strategisch Merkenmanagement'}, {'module_id': 272, 'score': 0.5404590368270874, 'name': 'Duurzame Business Modellen'}]"
student4,model2,soft,euclidean,0.2,0.0015249252319335938,"[{'module_id': 316, 'score': -2.7666196823120117, 'name': 'Business Innovation'}, {'module_id': 234, 'score': -2.8399741649627686, 'name': 'Avans Innovative Studio Basis'}, {'module_id': 235, 'score': -2.887957811355591, 'name': 'BI Innovatie'}, {'module_id': 233, 'score': -2.9277968406677246, 'name': 'Artistiek ondernemerschap voor kunst, design en performance'}, {'module_id': 331, 'score': -2.9278671741485596, 'name': 'Innovatiemanagement'}]"
student4,model2,soft,manhattan,0.2,0.0,"[{'module_id': 316, 'score': -42.995934617501916, 'name': 'Business Innovation'}, {'module_id': 234, 'score': -44.126803344872314, 'name': 'Avans Innovative Studio Basis'}, {'module_id': 235, 'score': -44.76822143283789, 'name': 'BI Innovatie'}, {'module_id': 331, 'score': -45.489737182535464, 'name': 'Innovatiemanagement'}, {'module_id': 309, 'score': -45.57110479127732, 'name': 'Factory of the future'}]"
student4,model3,soft,cosine,0.4,0.0,"[{'module_id': 309, 'score': 0.41793200373649597, 'name': 'Factory of the future'}, {'module_id': 280, 'score': 0.40486273169517517, 'name': 'Future of …. (Finance)'}, {'module_id': 381, 'score': 0.39598751068115234, 'name': 'Innovation management & creative leadership'}, {'module_id': 279, 'score': 0.39577826857566833, 'name': 'Talent Acquisition & Branding'}, {'module_id': 228, 'score': 0.3859748840332031, 'name': 'Branding: Strategisch Merkenmanagement'}]"
student4,model3,soft,euclidean,0.0,0.0018732547760009766,"[{'module_id': 294, 'score': -0.9412035346031189, 'name': 'Levensloop van een bedrijf. Van idee naar onderneming.'}, {'module_id': 309, 'score': -0.9680073857307434, 'name': 'Factory of the future'}, {'module_id': 228, 'score': -0.9709219932556152, 'name': 'Branding: Strategisch Merkenmanagement'}, {'module_id': 383, 'score': -0.9726428389549255, 'name': 'Living lab de Kleine Aarde'}, {'module_id': 233, 'score': -0.985594630241394, 'name': 'Artistiek ondernemerschap voor kunst, design en performance'}]"
student4,model3,soft,manhattan,0.0,0.0,"[{'module_id': 294, 'score': -16.99132915586233, 'name': 'Levensloop van een bedrijf. Van idee naar onderneming.'}, {'module_id': 309, 'score': -17.3956933276786, 'name': 'Factory of the future'}, {'module_id': 228, 'score': -17.43026711832499, 'name': 'Branding: Strategisch Merkenmanagement'}, {'module_id': 316, 'score': -17.646454827394336, 'name': 'Business Innovation'}, {'module_id': 233, 'score': -17.706330401269952, 'name': 'Artistiek ondernemerschap voor kunst, design en performance'}]"
student4,model1,hard,cosine,0.0,0.0,"[{'module_id': 228, 'score': 0.5176091194152832, 'name': 'branding strategisch merkenmanagement'}, {'module_id': 234, 'score': 0.46018850803375244, 'name': 'avan innov studio basi'}, {'module_id': 376, 'score': 0.45303747057914734, 'name': 'creativ agenc'}, {'module_id': 364, 'score': 0.4039859175682068, 'name': 'minor biobas technolog busi develop'}, {'module_id': 308, 'score': 0.39875200390815735, 'name': 'verantwoord duurzam innover nieuw technologieen'}]"
student4,model1,hard,euclidean,0.0,0.0,"[{'module_id': 228, 'score': -0.9822331070899963, 'name': 'branding strategisch merkenmanagement'}, {'module_id': 234, 'score': -1.0390490293502808, 'name': 'avan innov studio basi'}, {'module_id': 376, 'score': -1.0459086894989014, 'name': 'creativ agenc'}, {'module_id': 364, 'score': -1.0918004512786865, 'name': 'minor biobas technolog busi develop'}, {'module_id': 308, 'score': -1.0965837240219116, 'name': 'verantwoord duurzam innover nieuw technologieen'}]"
student4,model1,hard,manhattan,0.2,0.0,"[{'module_id': 228, 'score': -15.009382935072441, 'name': 'branding strategisch merkenmanagement'}, {'module_id': 234, 'score': -16.04385900251639, 'name': 'avan innov studio basi'}, {'module_id': 376, 'score': -16.327681820757174, 'name': 'creativ agenc'}, {'module_id': 380, 'score': -16.860577070784185, 'name': 'game changer'}, {'module_id': 364, 'score': -16.861582477937603, 'name': 'minor biobas technolog busi develop'}]"
student4,model2,hard,cosine,0.2,0.0,"[{'module_id': 262, 'score': 0.6023036241531372, 'name': 'modul toekomstbestend ondernemerschap gebouwd omgev nieuw minor'}, {'module_id': 234, 'score': 0.556814968585968, 'name': 'avan innov studio basi'}, {'module_id': 279, 'score': 0.5391401052474976, 'name': 'talent acquisit brand'}, {'module_id': 233, 'score': 0.5289455056190491, 'name': 'artistiek ondernemerschap kunst design performanc'}, {'module_id': 228, 'score': 0.5255922675132751, 'name': 'branding strategisch merkenmanagement'}]"
student4,model2,hard,euclidean,0.0,0.0,"[{'module_id': 234, 'score': -2.8815040588378906, 'name': 'avan innov studio basi'}, {'module_id': 233, 'score': -2.942875862121582, 'name': 'artistiek ondernemerschap kunst design performanc'}, {'module_id': 228, 'score': -2.9778313636779785, 'name': 'branding strategisch merkenmanagement'}, {'module_id': 262, 'score': -2.9864494800567627, 'name': 'modul toekomstbestend ondernemerschap gebouwd omgev nieuw minor'}, {'module_id': 331, 'score': -3.0761845111846924, 'name': 'innovatiemanagement'}]"
student4,model2,hard,manhattan,0.0,0.0015101432800292969,"[{'module_id': 234, 'score': -44.829696366839926, 'name': 'avan innov studio basi'}, {'module_id': 233, 'score': -45.83661481717718, 'name': 'artistiek ondernemerschap kunst design performanc'}, {'module_id': 262, 'score': -46.267435925794416, 'name': 'modul toekomstbestend ondernemerschap gebouwd omgev nieuw minor'}, {'module_id': 228, 'score': -46.623775529064005, 'name': 'branding strategisch merkenmanagement'}, {'module_id': 331, 'score': -47.704661540017696, 'name': 'innovatiemanagement'}]"
student4,model3,hard,cosine,0.4,0.0,"[{'module_id': 279, 'score': 0.3788810670375824, 'name': 'talent acquisit brand'}, {'module_id': 376, 'score': 0.37261849641799927, 'name': 'creativ agenc'}, {'module_id': 393, 'score': 0.36966022849082947, 'name': 'ethiek kritisch denk'}, {'module_id': 280, 'score': 0.3628883361816406, 'name': 'futur … financ'}, {'module_id': 228, 'score': 0.35907313227653503, 'name': 'branding strategisch merkenmanagement'}]"
student4,model3,hard,euclidean,0.0,0.0,"[{'module_id': 393, 'score': -0.965904712677002, 'name': 'ethiek kritisch denk'}, {'module_id': 383, 'score': -0.9678319096565247, 'name': 'live lab klein aard'}, {'module_id': 228, 'score': -0.9688524603843689, 'name': 'branding strategisch merkenmanagement'}, {'module_id': 309, 'score': -0.9704037308692932, 'name': 'factori futur'}, {'module_id': 223, 'score': -0.9708933234214783, 'name': 'act chang togeth nlqf ect'}]"
student4,model3,hard,manhattan,0.0,0.0015189647674560547,"[{'module_id': 228, 'score': -17.08645693899598, 'name': 'branding strategisch merkenmanagement'}, {'module_id': 397, 'score': -17.27910502103623, 'name': 'stem gewet ga opzoek jouw morel kompas'}, {'module_id': 383, 'score': -17.311674794764258, 'name': 'live lab klein aard'}, {'module_id': 176, 'score': -17.359535807481734, 'name': 'technologie ècht werkt innovatie zorg welzijn'}, {'module_id': 309, 'score': -17.53081826181733, 'name': 'factori futur'}]"
student5,model1,soft,cosine,0.0,0.0,"[{'module_id': 340, 'score': 0.6414958238601685, 'name': 'AI Translator'}, {'module_id': 162, 'score': 0.6388818621635437, 'name': 'Rouw en verlies'}, {'module_id': 397, 'score': 0.6228567361831665, 'name': 'De stem van je geweten. Ga opzoek naar jouw moreel kompas.'}, {'module_id': 182, 'score': 0.6208494901657104, 'name': 'Werken vanuit je doelgroep'}, {'module_id': 316, 'score': 0.6195982098579407, 'name': 'Business Innovation'}]"
student5,model1,soft,euclidean,0.0,0.0,"[{'module_id': 340, 'score': -0.8467633724212646, 'name': 'AI Translator'}, {'module_id': 162, 'score': -0.8498448729515076, 'name': 'Rouw en verlies'}, {'module_id': 397, 'score': -0.8684967160224915, 'name': 'De stem van je geweten. Ga opzoek naar jouw moreel kompas.'}, {'module_id': 182, 'score': -0.8708047866821289, 'name': 'Werken vanuit je doelgroep'}, {'module_id': 316, 'score': -0.8722405433654785, 'name': 'Business Innovation'}]"
student5,model1,soft,manhattan,0.0,0.0,"[{'module_id': 340, 'score': -13.158724267334463, 'name': 'AI Translator'}, {'module_id': 162, 'score': -13.38478694339301, 'name': 'Rouw en verlies'}, {'module_id': 316, 'score': -13.473284981520834, 'name': 'Business Innovation'}, {'module_id': 397, 'score': -13.550631026807885, 'name': 'De stem van je geweten. Ga opzoek naar jouw moreel kompas.'}, {'module_id': 171, 'score': -13.735460218570292, 'name': 'Technologie in zorg en welzijn'}]"
student5,model2,soft,cosine,0.6,0.0,"[{'module_id': 163, 'score': 0.6816203594207764, 'name': 'Acuut complexe zorg'}, {'module_id': 161, 'score': 0.654832661151886, 'name': 'Proactieve zorgplanning'}, {'module_id': 181, 'score': 0.6311200857162476, 'name': 'Management in de zorg'}, {'module_id': 160, 'score': 0.6063256859779358, 'name': 'Learning and working abroad'}, {'module_id': 172, 'score': 0.603753924369812, 'name': 'Zorg dichtbij'}]"
student5,model2,soft,euclidean,0.6,0.0,"[{'module_id': 163, 'score': -2.1164119243621826, 'name': 'Acuut complexe zorg'}, {'module_id': 161, 'score': -2.1682517528533936, 'name': 'Proactieve zorgplanning'}, {'module_id': 181, 'score': -2.2242543697357178, 'name': 'Management in de zorg'}, {'module_id': 160, 'score': -2.281245708465576, 'name': 'Learning and working abroad'}, {'module_id': 172, 'score': -2.290604829788208, 'name': 'Zorg dichtbij'}]"
student5,model2,soft,manhattan,0.6,0.0015120506286621094,"[{'module_id': 163, 'score': -33.143213428818854, 'name': 'Acuut complexe zorg'}, {'module_id': 161, 'score': -33.897906057478394, 'name': 'Proactieve zorgplanning'}, {'module_id': 181, 'score': -34.6258047738811, 'name': 'Management in de zorg'}, {'module_id': 160, 'score': -34.99195950408466, 'name': 'Learning and working abroad'}, {'module_id': 172, 'score': -35.64551265275804, 'name': 'Zorg dichtbij'}]"
student5,model3,soft,cosine,0.4,0.0015363693237304688,"[{'module_id': 179, 'score': 0.5316042304039001, 'name': 'Pro-active nursing'}, {'module_id': 171, 'score': 0.5005324482917786, 'name': 'Technologie in zorg en welzijn'}, {'module_id': 161, 'score': 0.495861291885376, 'name': 'Proactieve zorgplanning'}, {'module_id': 160, 'score': 0.4876025915145874, 'name': 'Learning and working abroad'}, {'module_id': 172, 'score': 0.486112117767334, 'name': 'Zorg dichtbij'}]"
student5,model3,soft,euclidean,0.2,0.0,"[{'module_id': 179, 'score': -0.7869740128517151, 'name': 'Pro-active nursing'}, {'module_id': 171, 'score': -0.7935062646865845, 'name': 'Technologie in zorg en welzijn'}, {'module_id': 160, 'score': -0.8088350296020508, 'name': 'Learning and working abroad'}, {'module_id': 172, 'score': -0.812480092048645, 'name': 'Zorg dichtbij'}, {'module_id': 162, 'score': -0.8133141398429871, 'name': 'Rouw en verlies'}]"
student5,model3,soft,manhattan,0.2,0.0,"[{'module_id': 171, 'score': -13.85693300710409, 'name': 'Technologie in zorg en welzijn'}, {'module_id': 160, 'score': -14.14390787438606, 'name': 'Learning and working abroad'}, {'module_id': 179, 'score': -14.154558479291154, 'name': 'Pro-active nursing'}, {'module_id': 172, 'score': -14.393497918063076, 'name': 'Zorg dichtbij'}, {'module_id': 162, 'score': -14.635740768979304, 'name': 'Rouw en verlies'}]"
student5,model1,hard,cosine,0.0,0.0015151500701904297,"[{'module_id': 397, 'score': 0.5941393375396729, 'name': 'stem gewet ga opzoek jouw morel kompas'}, {'module_id': 204, 'score': 0.5665386915206909, 'name': 'omdenk ander werk zorg'}, {'module_id': 340, 'score': 0.5664674639701843, 'name': 'ai translat'}, {'module_id': 171, 'score': 0.5585482120513916, 'name': 'technologie zorg welzijn'}, {'module_id': 159, 'score': 0.5545714497566223, 'name': 'kennismak psychologi'}]"
student5,model1,hard,euclidean,0.0,0.0,"[{'module_id': 397, 'score': -0.9009557962417603, 'name': 'stem gewet ga opzoek jouw morel kompas'}, {'module_id': 204, 'score': -0.9310868382453918, 'name': 'omdenk ander werk zorg'}, {'module_id': 340, 'score': -0.9311633110046387, 'name': 'ai translat'}, {'module_id': 171, 'score': -0.9396294951438904, 'name': 'technologie zorg welzijn'}, {'module_id': 159, 'score': -0.9438522458076477, 'name': 'kennismak psychologi'}]"
student5,model1,hard,manhattan,0.0,0.0,"[{'module_id': 397, 'score': -14.122136228964152, 'name': 'stem gewet ga opzoek jouw morel kompas'}, {'module_id': 204, 'score': -14.642335402858112, 'name': 'omdenk ander werk zorg'}, {'module_id': 340, 'score': -14.759380976709565, 'name': 'ai translat'}, {'module_id': 159, 'score': -14.852721263212167, 'name': 'kennismak psychologi'}, {'module_id': 171, 'score': -14.923645099872232, 'name': 'technologie zorg welzijn'}]"
student5,model2,hard,cosine,0.4,0.0015082359313964844,"[{'module_id': 174, 'score': 0.5825347304344177, 'name': 'mensgericht ontwerp'}, {'module_id': 185, 'score': 0.5817698836326599, 'name': 'innover zorg welzijn'}, {'module_id': 161, 'score': 0.5672162771224976, 'name': 'proactiev zorgplann'}, {'module_id': 163, 'score': 0.5515835285186768, 'name': 'acuut complex zorg'}, {'module_id': 320, 'score': 0.5492054224014282, 'name': 'smart health'}]"
student5,model2,hard,euclidean,0.4,0.0,"[{'module_id': 320, 'score': -2.5452089309692383, 'name': 'smart health'}, {'module_id': 161, 'score': -2.5632271766662598, 'name': 'proactiev zorgplann'}, {'module_id': 172, 'score': -2.5670721530914307, 'name': 'zorg dichtbij'}, {'module_id': 185, 'score': -2.587259292602539, 'name': 'innover zorg welzijn'}, {'module_id': 163, 'score': -2.617581844329834, 'name': 'acuut complex zorg'}]"
student5,model2,hard,manhattan,0.4,0.0,"[{'module_id': 320, 'score': -39.33169281377923, 'name': 'smart health'}, {'module_id': 161, 'score': -39.41633685550187, 'name': 'proactiev zorgplann'}, {'module_id': 185, 'score': -39.83068436618487, 'name': 'innover zorg welzijn'}, {'module_id': 172, 'score': -40.28877615527017, 'name': 'zorg dichtbij'}, {'module_id': 163, 'score': -41.12849068676587, 'name': 'acuut complex zorg'}]"
student5,model3,hard,cosine,0.2,0.0015120506286621094,"[{'module_id': 320, 'score': 0.49808159470558167, 'name': 'smart health'}, {'module_id': 172, 'score': 0.46156811714172363, 'name': 'zorg dichtbij'}, {'module_id': 171, 'score': 0.4595988392829895, 'name': 'technologie zorg welzijn'}, {'module_id': 161, 'score': 0.4390166103839874, 'name': 'proactiev zorgplann'}, {'module_id': 179, 'score': 0.42485707998275757, 'name': 'proactiv nurs'}]"
student5,model3,hard,euclidean,0.2,0.0,"[{'module_id': 320, 'score': -0.7630258202552795, 'name': 'smart health'}, {'module_id': 161, 'score': -0.8057740926742554, 'name': 'proactiev zorgplann'}, {'module_id': 172, 'score': -0.8080828785896301, 'name': 'zorg dichtbij'}, {'module_id': 171, 'score': -0.8126797080039978, 'name': 'technologie zorg welzijn'}, {'module_id': 179, 'score': -0.8463616967201233, 'name': 'proactiv nurs'}]"
student5,model3,hard,manhattan,0.2,0.0,"[{'module_id': 320, 'score': -13.821629829151789, 'name': 'smart health'}, {'module_id': 161, 'score': -14.267987594736042, 'name': 'proactiev zorgplann'}, {'module_id': 172, 'score': -14.392846454720711, 'name': 'zorg dichtbij'}, {'module_id': 171, 'score': -14.464200047659688, 'name': 'technologie zorg welzijn'}, {'module_id': 164, 'score': -14.979196407628478, 'name': 'kraam kind jeugd'}]"
